accountId,accountLogin,name,email,status
1001,JohnDoe123,Johe Doe,johndoe@example.com,active
1002,JaneSmith456,Jane Smith,janesmith@example.com,active
1003,MichaelBrown789,Michael Brown,michaelbrown@example.com,active
1004,SusanClark321,Susan Clark,susanclark@example.com,active
1005,DavidWilson654,David Wilson,davidwilson@example.com,active
1006,EmilyDavis987,Emily Davis,emilydavis@example.com,active
1007,DanielMartinez741,Daniel Martinez,danielmartinez@example.com,active
1008,OliviaLopez852,Olivia Lopez,olivialopez@example.com,active
1009,JamesMiller963,James Miller,jamesmiller@example.com,active
1010,CharlotteTaylor159,Charlotte Taylor,charlottetaylor@example.com,active
    
